Ticket ID,User ID,Museum ID,Booking Date,Visit Date,Ticket Type,Price,Payment Status,Number of Tickets,Total Amount,Payment Method,Booking Status
T001,U863,193,8/2/2024,10/19/2024,Adult,48,Paid,2,96,PayPal,Pending
T002,U402,196,8/8/2024,10/27/2024,Senior,43,Failed,5,215,Credit Card,Pending
T003,U124,12,2/7/2024,10/22/2024,Senior,32,Pending,1,32,Stripe,Cancelled
T004,U554,53,7/31/2024,10/18/2024,Senior,50,Paid,5,250,Stripe,Cancelled
T005,U898,228,6/30/2024,11/13/2024,Adult,12,Failed,4,48,Stripe,Confirmed
T006,U988,46,6/14/2024,11/5/2024,Senior,34,Paid,3,102,PayPal,Cancelled
T007,U450,83,4/18/2024,11/11/2024,Child,13,Pending,3,39,PayPal,Rescheduled
T008,U903,111,5/19/2024,11/10/2024,Child,36,Failed,5,180,Stripe,Pending
T009,U908,122,4/16/2024,10/31/2024,Senior,21,Paid,4,84,PayPal,Cancelled
T010,U928,1,9/8/2024,10/22/2024,Senior,37,Paid,3,111,Credit Card,Pending
T011,U146,176,8/10/2024,11/5/2024,Senior,20,Failed,5,100,Credit Card,Cancelled
T012,U964,63,3/16/2024,10/17/2024,Child,49,Failed,5,245,Stripe,Rescheduled
T013,U156,92,5/9/2024,10/30/2024,Child,45,Pending,3,135,Credit Card,Cancelled
T014,U352,203,3/3/2024,11/3/2024,Child,12,Failed,4,48,Stripe,Pending
T015,U319,188,8/4/2024,11/1/2024,Child,24,Pending,5,120,Stripe,Cancelled
T016,U697,82,4/23/2024,11/9/2024,Adult,40,Failed,4,160,Stripe,Cancelled
T017,U603,248,8/21/2024,10/17/2024,Senior,10,Failed,2,20,Credit Card,Pending
T018,U696,32,3/28/2024,11/12/2024,Child,47,Paid,5,235,PayPal,Pending
T019,U617,137,3/28/2024,10/24/2024,Adult,13,Paid,3,39,Stripe,Pending
T020,U291,76,2/3/2024,11/13/2024,Senior,19,Paid,4,76,Stripe,Pending
T021,U141,227,9/16/2024,11/3/2024,Adult,13,Paid,2,26,Credit Card,Confirmed
T022,U517,239,2/20/2024,10/16/2024,Child,45,Paid,2,90,Stripe,Cancelled
T023,U970,7,4/14/2024,11/11/2024,Child,43,Pending,3,129,Credit Card,Confirmed
T024,U955,136,9/4/2024,10/26/2024,Senior,28,Paid,3,84,Credit Card,Cancelled
T025,U503,98,4/2/2024,10/31/2024,Senior,48,Paid,3,144,PayPal,Cancelled
T026,U399,35,1/21/2024,10/25/2024,Child,41,Failed,5,205,Credit Card,Pending
T027,U788,71,3/23/2024,10/21/2024,Adult,49,Failed,5,245,PayPal,Pending
T028,U156,152,7/17/2024,10/20/2024,Child,27,Pending,3,81,Stripe,Confirmed
T029,U929,193,6/21/2024,10/28/2024,Adult,19,Failed,4,76,Stripe,Confirmed
T030,U364,29,1/12/2024,10/28/2024,Child,29,Pending,2,58,Stripe,Confirmed
T031,U442,175,3/6/2024,10/29/2024,Adult,19,Failed,5,95,Credit Card,Pending
T032,U855,210,7/19/2024,11/7/2024,Senior,32,Failed,3,96,PayPal,Pending
T033,U541,58,5/30/2024,11/6/2024,Senior,13,Pending,5,65,Stripe,Rescheduled
T034,U402,46,9/13/2024,11/4/2024,Senior,13,Failed,3,39,PayPal,Confirmed
T035,U868,16,6/16/2024,10/30/2024,Child,50,Failed,2,100,Credit Card,Cancelled
T036,U776,135,1/12/2024,10/19/2024,Child,21,Failed,2,42,PayPal,Confirmed
T037,U148,183,7/18/2024,10/28/2024,Adult,41,Paid,3,123,Credit Card,Rescheduled
T038,U563,166,9/7/2024,10/22/2024,Child,15,Failed,5,75,Stripe,Cancelled
T039,U469,81,4/29/2024,11/8/2024,Senior,25,Failed,3,75,Stripe,Cancelled
T040,U250,241,7/28/2024,11/11/2024,Adult,38,Paid,4,152,Stripe,Confirmed
T041,U835,198,7/20/2024,10/21/2024,Adult,33,Pending,3,99,Credit Card,Rescheduled
T042,U649,153,6/14/2024,10/17/2024,Senior,49,Paid,2,98,Credit Card,Pending
T043,U482,220,8/28/2024,10/18/2024,Child,15,Paid,3,45,Credit Card,Rescheduled
T044,U743,90,3/15/2024,11/4/2024,Child,25,Pending,4,100,PayPal,Rescheduled
T045,U753,219,7/8/2024,11/10/2024,Adult,24,Failed,2,48,Credit Card,Cancelled
T046,U597,211,7/9/2024,10/19/2024,Adult,11,Failed,3,33,Stripe,Rescheduled
T047,U327,184,8/16/2024,11/1/2024,Adult,15,Paid,1,15,Credit Card,Pending
T048,U118,12,6/6/2024,11/9/2024,Senior,27,Pending,4,108,Stripe,Rescheduled
T049,U899,205,3/10/2024,11/10/2024,Child,37,Failed,1,37,Stripe,Pending
T050,U924,83,3/4/2024,11/6/2024,Senior,21,Pending,3,63,Stripe,Rescheduled
T051,U289,48,7/5/2024,10/30/2024,Child,12,Failed,3,36,Stripe,Rescheduled
T052,U919,45,2/22/2024,10/26/2024,Senior,41,Paid,1,41,Credit Card,Confirmed
T053,U561,53,7/1/2024,10/25/2024,Child,32,Failed,3,96,PayPal,Rescheduled
T054,U337,21,10/7/2024,11/5/2024,Adult,45,Failed,5,225,PayPal,Pending
T055,U208,2,1/2/2024,10/29/2024,Adult,30,Pending,2,60,PayPal,Rescheduled
T056,U545,226,4/4/2024,10/20/2024,Child,43,Pending,2,86,PayPal,Rescheduled
T057,U663,10,7/22/2024,10/26/2024,Senior,35,Paid,2,70,Stripe,Rescheduled
T058,U237,38,5/16/2024,10/20/2024,Senior,46,Pending,3,138,Stripe,Rescheduled
T059,U643,194,1/26/2024,10/23/2024,Child,36,Failed,1,36,Stripe,Rescheduled
T060,U907,100,4/21/2024,11/9/2024,Adult,43,Paid,3,129,Stripe,Rescheduled
T061,U390,243,5/4/2024,11/13/2024,Child,22,Failed,4,88,Credit Card,Pending
T062,U319,189,2/19/2024,10/19/2024,Adult,36,Paid,5,180,PayPal,Rescheduled
T063,U435,11,9/6/2024,10/15/2024,Child,40,Pending,4,160,PayPal,Cancelled
T064,U790,161,2/2/2024,10/17/2024,Adult,21,Paid,5,105,Stripe,Pending
T065,U179,59,8/7/2024,10/25/2024,Adult,10,Pending,4,40,PayPal,Pending
T066,U212,123,6/28/2024,10/30/2024,Senior,10,Paid,4,40,PayPal,Rescheduled
T067,U968,139,2/26/2024,10/17/2024,Child,46,Failed,3,138,Stripe,Cancelled
T068,U935,163,7/26/2024,10/20/2024,Child,35,Paid,1,35,Stripe,Pending
T069,U178,40,5/22/2024,10/15/2024,Child,37,Failed,1,37,PayPal,Rescheduled
T070,U757,181,2/15/2024,11/2/2024,Adult,10,Pending,1,10,PayPal,Pending
T071,U765,25,3/13/2024,10/22/2024,Adult,26,Paid,3,78,Stripe,Pending
T072,U921,75,5/8/2024,10/24/2024,Child,32,Pending,2,64,Stripe,Confirmed
T073,U726,89,8/27/2024,10/21/2024,Adult,12,Failed,1,12,Credit Card,Cancelled
T074,U108,35,5/17/2024,10/23/2024,Senior,48,Pending,2,96,Credit Card,Cancelled
T075,U133,192,9/19/2024,10/20/2024,Senior,16,Paid,2,32,Credit Card,Rescheduled
T076,U562,57,1/7/2024,11/1/2024,Adult,20,Pending,3,60,Stripe,Confirmed
T077,U978,151,3/2/2024,11/2/2024,Child,44,Pending,5,220,Stripe,Cancelled
T078,U539,100,2/3/2024,10/25/2024,Adult,39,Paid,5,195,Stripe,Confirmed
T079,U554,76,3/6/2024,10/29/2024,Senior,46,Failed,3,138,Credit Card,Confirmed
T080,U582,20,7/7/2024,10/27/2024,Child,19,Failed,3,57,Stripe,Confirmed
T081,U480,54,3/10/2024,10/28/2024,Adult,15,Failed,4,60,Credit Card,Rescheduled
T082,U370,214,7/4/2024,10/19/2024,Child,42,Pending,1,42,Credit Card,Cancelled
T083,U685,37,8/4/2024,10/19/2024,Adult,35,Paid,3,105,PayPal,Rescheduled
T084,U504,182,3/8/2024,10/29/2024,Child,37,Pending,1,37,Credit Card,Rescheduled
T085,U638,208,2/22/2024,10/21/2024,Adult,29,Paid,2,58,Credit Card,Pending
T086,U765,86,10/7/2024,10/27/2024,Child,49,Pending,2,98,Stripe,Rescheduled
T087,U952,200,3/19/2024,10/16/2024,Adult,31,Failed,5,155,Stripe,Confirmed
T088,U505,189,4/4/2024,10/22/2024,Adult,40,Failed,4,160,Stripe,Cancelled
T089,U589,145,4/22/2024,11/8/2024,Senior,11,Paid,2,22,PayPal,Rescheduled
T090,U717,178,7/26/2024,11/9/2024,Adult,12,Failed,3,36,PayPal,Confirmed
T091,U590,53,10/14/2024,11/5/2024,Child,10,Pending,2,20,Credit Card,Pending
T092,U912,100,1/3/2024,11/5/2024,Senior,25,Paid,5,125,Credit Card,Pending
T093,U412,228,7/7/2024,10/16/2024,Child,30,Pending,4,120,Credit Card,Cancelled
T094,U932,72,10/3/2024,11/11/2024,Child,10,Pending,1,10,PayPal,Rescheduled
T095,U856,183,5/26/2024,10/29/2024,Adult,48,Failed,4,192,PayPal,Pending
T096,U246,116,9/23/2024,11/5/2024,Adult,46,Pending,3,138,Stripe,Cancelled
T097,U163,157,1/7/2024,11/8/2024,Adult,42,Failed,5,210,PayPal,Confirmed
T098,U124,240,7/28/2024,10/26/2024,Senior,36,Paid,3,108,Credit Card,Cancelled
T099,U359,27,9/8/2024,10/26/2024,Senior,29,Paid,4,116,Credit Card,Pending
T100,U944,47,6/5/2024,10/21/2024,Adult,23,Failed,2,46,PayPal,Confirmed
T101,U119,240,8/18/2024,11/11/2024,Adult,35,Paid,1,35,PayPal,Rescheduled
T102,U974,38,3/7/2024,11/13/2024,Child,28,Paid,1,28,Stripe,Cancelled
T103,U756,77,7/8/2024,10/17/2024,Senior,23,Failed,3,69,Credit Card,Pending
T104,U361,203,1/29/2024,10/17/2024,Child,34,Paid,1,34,Stripe,Cancelled
T105,U822,247,3/18/2024,10/23/2024,Senior,46,Pending,2,92,PayPal,Cancelled
T106,U361,214,5/20/2024,11/1/2024,Senior,21,Failed,4,84,Credit Card,Pending
T107,U748,75,4/26/2024,10/25/2024,Adult,40,Failed,2,80,Credit Card,Cancelled
T108,U169,137,7/15/2024,10/16/2024,Child,27,Pending,2,54,Stripe,Pending
T109,U560,240,6/4/2024,11/1/2024,Adult,25,Paid,2,50,Credit Card,Confirmed
T110,U465,8,4/12/2024,10/28/2024,Child,36,Pending,2,72,Stripe,Confirmed
T111,U120,110,4/27/2024,10/24/2024,Child,25,Pending,4,100,PayPal,Rescheduled
T112,U931,38,10/8/2024,10/24/2024,Child,13,Paid,1,13,Credit Card,Rescheduled
T113,U300,8,4/3/2024,11/2/2024,Senior,36,Failed,4,144,Stripe,Cancelled
T114,U454,79,3/29/2024,10/30/2024,Adult,10,Failed,1,10,Stripe,Pending
T115,U803,124,1/11/2024,11/4/2024,Senior,31,Failed,4,124,Credit Card,Pending
T116,U570,45,7/18/2024,10/26/2024,Senior,14,Pending,2,28,PayPal,Rescheduled
T117,U630,132,9/16/2024,10/18/2024,Child,39,Pending,2,78,Stripe,Confirmed
T118,U811,226,7/24/2024,11/13/2024,Senior,44,Pending,2,88,Credit Card,Confirmed
T119,U840,168,7/25/2024,10/26/2024,Child,15,Pending,4,60,Stripe,Cancelled
T120,U527,78,6/30/2024,11/11/2024,Child,41,Failed,3,123,Stripe,Cancelled
T121,U661,22,8/16/2024,10/20/2024,Senior,42,Paid,2,84,Credit Card,Confirmed
T122,U240,174,4/19/2024,10/26/2024,Child,42,Paid,1,42,Stripe,Confirmed
T123,U581,34,10/7/2024,10/20/2024,Adult,32,Paid,1,32,PayPal,Confirmed
T124,U848,28,5/4/2024,11/6/2024,Adult,45,Pending,5,225,PayPal,Confirmed
T125,U823,156,4/2/2024,11/1/2024,Senior,15,Paid,4,60,Stripe,Pending
T126,U430,69,9/18/2024,10/20/2024,Adult,31,Failed,1,31,PayPal,Cancelled
T127,U649,12,6/13/2024,10/30/2024,Adult,28,Failed,4,112,Stripe,Confirmed
T128,U159,60,1/18/2024,10/19/2024,Adult,10,Failed,4,40,Stripe,Cancelled
T129,U218,173,3/6/2024,11/4/2024,Senior,25,Paid,4,100,PayPal,Cancelled
T130,U311,20,4/10/2024,10/26/2024,Adult,20,Paid,2,40,PayPal,Pending
T131,U891,153,4/9/2024,11/12/2024,Senior,20,Failed,4,80,PayPal,Rescheduled
T132,U953,131,2/8/2024,10/25/2024,Senior,37,Failed,1,37,Stripe,Confirmed
T133,U724,230,3/12/2024,11/6/2024,Adult,37,Pending,4,148,Credit Card,Cancelled
T134,U788,192,9/21/2024,11/11/2024,Senior,16,Pending,1,16,Stripe,Rescheduled
T135,U496,119,1/16/2024,10/25/2024,Adult,26,Paid,4,104,PayPal,Rescheduled
T136,U266,118,7/2/2024,10/17/2024,Child,50,Pending,5,250,PayPal,Cancelled
T137,U398,137,2/15/2024,10/20/2024,Adult,24,Failed,1,24,Stripe,Confirmed
T138,U528,10,2/22/2024,11/1/2024,Senior,43,Pending,2,86,PayPal,Cancelled
T139,U235,149,7/28/2024,11/10/2024,Senior,33,Failed,2,66,PayPal,Pending
T140,U925,67,4/3/2024,10/24/2024,Child,11,Paid,4,44,Credit Card,Cancelled
T141,U769,243,9/4/2024,11/13/2024,Adult,40,Paid,1,40,Stripe,Pending
T142,U479,24,3/11/2024,11/11/2024,Adult,19,Failed,2,38,PayPal,Confirmed
T143,U409,150,4/5/2024,10/19/2024,Child,25,Paid,3,75,Stripe,Confirmed
T144,U336,114,4/11/2024,10/27/2024,Adult,35,Pending,3,105,PayPal,Confirmed
T145,U280,64,4/24/2024,10/20/2024,Child,26,Paid,5,130,PayPal,Pending
T146,U445,186,1/27/2024,11/12/2024,Adult,24,Paid,1,24,Stripe,Confirmed
T147,U559,79,10/10/2024,11/2/2024,Child,33,Failed,3,99,Credit Card,Rescheduled
T148,U779,8,4/10/2024,10/20/2024,Child,21,Paid,5,105,Credit Card,Confirmed
T149,U556,9,3/5/2024,11/11/2024,Adult,41,Failed,5,205,Stripe,Rescheduled
T150,U590,92,8/26/2024,10/20/2024,Child,49,Pending,3,147,Stripe,Rescheduled
T151,U619,239,4/8/2024,10/21/2024,Child,25,Paid,5,125,Stripe,Pending
T152,U523,84,4/19/2024,11/10/2024,Adult,18,Pending,3,54,Stripe,Pending
T153,U857,179,8/9/2024,10/19/2024,Child,40,Paid,5,200,PayPal,Rescheduled
T154,U243,70,10/2/2024,11/8/2024,Senior,38,Paid,4,152,PayPal,Confirmed
T155,U696,78,6/26/2024,11/7/2024,Adult,46,Paid,5,230,Stripe,Pending
T156,U974,46,8/26/2024,10/26/2024,Senior,15,Paid,4,60,Credit Card,Rescheduled
T157,U901,193,8/31/2024,10/16/2024,Child,27,Pending,4,108,Credit Card,Pending
T158,U164,94,7/1/2024,11/11/2024,Child,27,Pending,5,135,PayPal,Confirmed
T159,U903,233,4/7/2024,10/20/2024,Child,37,Failed,1,37,Credit Card,Pending
T160,U301,75,7/11/2024,11/13/2024,Senior,17,Failed,5,85,PayPal,Cancelled
T161,U427,180,2/2/2024,10/29/2024,Senior,10,Pending,2,20,Stripe,Pending
T162,U198,147,8/2/2024,11/13/2024,Adult,47,Failed,3,141,PayPal,Confirmed
T163,U646,164,4/27/2024,11/6/2024,Senior,47,Failed,3,141,Credit Card,Pending
T164,U608,130,5/29/2024,11/8/2024,Child,28,Failed,5,140,Stripe,Rescheduled
T165,U625,46,2/15/2024,10/17/2024,Child,47,Pending,2,94,Stripe,Cancelled
T166,U118,157,9/17/2024,10/22/2024,Adult,46,Pending,5,230,Stripe,Cancelled
T167,U153,166,8/24/2024,11/7/2024,Child,22,Pending,1,22,Credit Card,Rescheduled
T168,U984,86,5/23/2024,10/31/2024,Child,12,Failed,4,48,Credit Card,Rescheduled
T169,U525,28,1/24/2024,11/4/2024,Adult,47,Pending,2,94,Credit Card,Confirmed
T170,U479,22,3/15/2024,11/10/2024,Adult,48,Paid,2,96,Credit Card,Pending
T171,U119,241,3/14/2024,10/25/2024,Child,44,Failed,3,132,PayPal,Rescheduled
T172,U535,126,5/31/2024,10/22/2024,Child,40,Paid,5,200,Credit Card,Rescheduled
T173,U132,203,2/10/2024,10/31/2024,Senior,40,Failed,4,160,Stripe,Rescheduled
T174,U753,164,5/19/2024,10/21/2024,Child,23,Failed,2,46,Credit Card,Rescheduled
T175,U654,107,4/19/2024,10/18/2024,Senior,28,Paid,3,84,PayPal,Pending
T176,U676,186,5/6/2024,11/2/2024,Senior,42,Failed,3,126,Stripe,Pending
T177,U232,231,1/28/2024,10/30/2024,Adult,45,Paid,3,135,PayPal,Confirmed
T178,U445,158,9/24/2024,10/31/2024,Child,27,Failed,5,135,PayPal,Rescheduled
T179,U696,26,1/7/2024,10/24/2024,Child,30,Failed,2,60,PayPal,Pending
T180,U253,140,1/19/2024,10/23/2024,Child,46,Failed,3,138,Stripe,Cancelled
T181,U797,142,5/7/2024,11/9/2024,Senior,44,Paid,1,44,Credit Card,Rescheduled
T182,U125,224,5/21/2024,11/6/2024,Child,12,Pending,2,24,Stripe,Cancelled
T183,U947,64,1/28/2024,10/22/2024,Senior,12,Failed,1,12,Credit Card,Cancelled
T184,U982,226,2/29/2024,11/7/2024,Adult,49,Paid,5,245,Stripe,Cancelled
T185,U143,21,1/29/2024,11/8/2024,Child,43,Failed,2,86,PayPal,Pending
T186,U222,24,3/27/2024,10/31/2024,Adult,47,Paid,4,188,PayPal,Confirmed
T187,U132,179,4/23/2024,11/10/2024,Child,27,Paid,5,135,Credit Card,Confirmed
T188,U707,223,3/16/2024,11/10/2024,Adult,20,Pending,4,80,Stripe,Rescheduled
T189,U558,216,1/21/2024,11/4/2024,Adult,34,Pending,4,136,PayPal,Pending
T190,U175,109,7/26/2024,11/1/2024,Senior,48,Paid,2,96,Credit Card,Cancelled
T191,U352,136,5/31/2024,11/5/2024,Child,28,Paid,5,140,PayPal,Cancelled
T192,U527,134,6/29/2024,11/3/2024,Senior,21,Paid,2,42,Stripe,Pending
T193,U593,231,7/28/2024,10/20/2024,Adult,43,Paid,4,172,PayPal,Confirmed
T194,U147,221,4/3/2024,11/11/2024,Senior,39,Failed,2,78,PayPal,Pending
T195,U437,234,2/18/2024,10/28/2024,Senior,49,Pending,1,49,Stripe,Confirmed
T196,U509,30,7/1/2024,11/10/2024,Senior,47,Paid,1,47,Credit Card,Pending
T197,U930,13,7/7/2024,11/4/2024,Adult,34,Failed,4,136,Stripe,Pending
T198,U672,233,5/9/2024,11/7/2024,Senior,48,Pending,3,144,Credit Card,Pending
T199,U705,147,8/19/2024,10/15/2024,Adult,47,Failed,2,94,PayPal,Pending
T200,U958,7,5/1/2024,11/3/2024,Child,28,Pending,3,84,Stripe,Pending
T201,U533,202,8/21/2024,10/16/2024,Child,27,Paid,4,108,Credit Card,Rescheduled
T202,U454,155,4/6/2024,10/20/2024,Adult,46,Failed,4,184,Stripe,Pending
T203,U569,111,4/14/2024,10/28/2024,Adult,11,Failed,3,33,Credit Card,Confirmed
T204,U236,150,8/27/2024,10/23/2024,Senior,41,Pending,3,123,Credit Card,Cancelled
T205,U656,26,8/12/2024,11/12/2024,Adult,47,Pending,1,47,PayPal,Rescheduled
T206,U122,145,10/3/2024,11/3/2024,Senior,23,Failed,1,23,Credit Card,Cancelled
T207,U434,48,3/14/2024,11/9/2024,Adult,23,Failed,1,23,PayPal,Pending
T208,U531,90,7/8/2024,10/25/2024,Adult,43,Pending,5,215,Stripe,Cancelled
T209,U151,134,7/4/2024,11/8/2024,Senior,23,Failed,3,69,PayPal,Pending
T210,U443,37,7/18/2024,10/25/2024,Child,12,Failed,2,24,PayPal,Cancelled
T211,U493,170,1/10/2024,11/2/2024,Adult,45,Pending,2,90,Credit Card,Pending
T212,U182,199,7/14/2024,10/20/2024,Adult,10,Pending,1,10,PayPal,Confirmed
T213,U936,13,2/6/2024,11/9/2024,Adult,38,Failed,5,190,Credit Card,Cancelled
T214,U640,38,7/23/2024,11/4/2024,Adult,27,Pending,3,81,Credit Card,Rescheduled
T215,U853,22,2/27/2024,10/24/2024,Adult,19,Pending,2,38,Stripe,Rescheduled
T216,U175,138,1/4/2024,10/16/2024,Child,13,Pending,5,65,PayPal,Rescheduled
T217,U117,244,6/13/2024,10/29/2024,Child,30,Failed,4,120,PayPal,Rescheduled
T218,U435,29,2/17/2024,10/23/2024,Adult,50,Pending,5,250,Stripe,Rescheduled
T219,U740,128,2/28/2024,10/24/2024,Senior,32,Pending,5,160,PayPal,Rescheduled
T220,U254,41,1/3/2024,11/10/2024,Child,24,Failed,3,72,PayPal,Confirmed
T221,U453,19,2/25/2024,10/15/2024,Child,48,Pending,2,96,Stripe,Pending
T222,U358,170,1/11/2024,11/13/2024,Adult,30,Paid,5,150,Stripe,Cancelled
T223,U724,26,8/5/2024,10/20/2024,Senior,16,Paid,3,48,Credit Card,Cancelled
T224,U205,243,7/15/2024,10/28/2024,Senior,47,Paid,2,94,PayPal,Confirmed
T225,U731,208,2/23/2024,11/5/2024,Senior,45,Pending,1,45,Credit Card,Pending
T226,U968,47,2/29/2024,11/7/2024,Senior,35,Failed,2,70,PayPal,Confirmed
T227,U455,120,4/16/2024,10/21/2024,Senior,46,Paid,1,46,PayPal,Confirmed
T228,U967,61,5/20/2024,11/3/2024,Senior,22,Paid,4,88,Stripe,Pending
T229,U638,133,2/17/2024,10/21/2024,Child,47,Pending,5,235,PayPal,Rescheduled
T230,U846,83,1/10/2024,10/30/2024,Adult,18,Paid,1,18,PayPal,Pending
T231,U687,113,9/11/2024,11/12/2024,Child,25,Paid,5,125,Stripe,Rescheduled
T232,U514,8,5/7/2024,10/21/2024,Senior,24,Paid,1,24,Credit Card,Confirmed
T233,U987,116,3/18/2024,10/22/2024,Adult,19,Paid,4,76,PayPal,Pending
T234,U445,230,2/23/2024,11/6/2024,Child,39,Paid,3,117,PayPal,Rescheduled
T235,U889,175,7/9/2024,11/6/2024,Senior,26,Failed,2,52,PayPal,Cancelled
T236,U767,148,5/3/2024,10/25/2024,Senior,28,Failed,4,112,PayPal,Confirmed
T237,U270,250,8/18/2024,11/5/2024,Senior,18,Paid,1,18,PayPal,Confirmed
T238,U297,158,9/16/2024,10/17/2024,Senior,50,Failed,5,250,PayPal,Rescheduled
T239,U489,10,9/13/2024,11/1/2024,Adult,37,Failed,4,148,Credit Card,Pending
T240,U190,195,7/14/2024,11/10/2024,Adult,36,Pending,3,108,Credit Card,Rescheduled
T241,U429,212,5/25/2024,11/10/2024,Senior,49,Failed,3,147,Credit Card,Cancelled
T242,U147,231,1/31/2024,11/13/2024,Senior,22,Failed,3,66,Stripe,Pending
T243,U211,139,9/14/2024,11/10/2024,Senior,24,Paid,1,24,Credit Card,Cancelled
T244,U854,107,4/23/2024,10/20/2024,Senior,19,Pending,1,19,Stripe,Cancelled
T245,U643,25,10/12/2024,10/29/2024,Senior,47,Paid,3,141,Credit Card,Cancelled
T246,U615,2,6/6/2024,11/3/2024,Senior,42,Failed,1,42,Credit Card,Rescheduled
T247,U824,208,4/20/2024,10/28/2024,Child,46,Pending,5,230,PayPal,Cancelled
T248,U152,60,2/15/2024,11/13/2024,Adult,31,Pending,5,155,PayPal,Confirmed
T249,U116,171,3/18/2024,10/20/2024,Senior,38,Paid,5,190,PayPal,Cancelled
T250,U177,129,5/30/2024,10/19/2024,Senior,12,Failed,3,36,PayPal,Cancelled
T251,U213,481,5/2/2024,10/26/2024,Adult,18,Pending,2,36,Credit Card,Cancelled
T252,U755,171,8/19/2024,11/13/2024,Senior,37,Pending,5,185,Stripe,Rescheduled
T253,U190,27,6/28/2024,10/17/2024,Adult,24,Paid,1,24,Stripe,Cancelled
T254,U737,19,7/16/2024,10/27/2024,Senior,28,Pending,4,112,Credit Card,Rescheduled
T255,U820,298,7/19/2024,10/31/2024,Senior,50,Pending,5,250,Stripe,Pending
T256,U109,226,2/7/2024,11/7/2024,Adult,49,Failed,4,196,Stripe,Confirmed
T257,U900,324,9/17/2024,10/18/2024,Senior,10,Failed,4,40,PayPal,Confirmed
T258,U465,318,4/29/2024,10/15/2024,Child,23,Failed,5,115,Stripe,Cancelled
T259,U495,254,4/4/2024,10/22/2024,Adult,24,Pending,5,120,PayPal,Cancelled
T260,U968,185,3/24/2024,11/8/2024,Senior,20,Pending,2,40,Credit Card,Rescheduled
T261,U613,314,5/21/2024,10/15/2024,Child,23,Failed,2,46,Credit Card,Pending
T262,U860,35,1/3/2024,11/7/2024,Adult,50,Pending,4,200,Stripe,Confirmed
T263,U156,191,3/22/2024,10/26/2024,Adult,28,Failed,2,56,Stripe,Rescheduled
T264,U331,85,2/14/2024,10/16/2024,Senior,15,Failed,5,75,Credit Card,Cancelled
T265,U262,3,9/14/2024,11/5/2024,Senior,40,Failed,3,120,PayPal,Pending
T266,U253,357,4/29/2024,11/13/2024,Child,43,Failed,4,172,Credit Card,Confirmed
T267,U715,107,4/25/2024,10/17/2024,Senior,43,Paid,2,86,PayPal,Confirmed
T268,U158,161,8/31/2024,11/9/2024,Adult,18,Failed,1,18,Stripe,Rescheduled
T269,U839,375,7/10/2024,10/17/2024,Adult,40,Pending,1,40,Stripe,Confirmed
T270,U842,186,2/13/2024,10/17/2024,Senior,14,Pending,5,70,PayPal,Rescheduled
T271,U869,290,6/9/2024,10/24/2024,Senior,25,Failed,4,100,Credit Card,Rescheduled
T272,U439,194,6/9/2024,11/6/2024,Senior,26,Paid,1,26,PayPal,Rescheduled
T273,U843,293,7/20/2024,11/11/2024,Adult,10,Paid,4,40,Credit Card,Cancelled
T274,U880,322,7/16/2024,11/2/2024,Child,33,Pending,4,132,Stripe,Cancelled
T275,U995,286,10/7/2024,10/17/2024,Adult,21,Pending,2,42,PayPal,Rescheduled
T276,U304,93,4/8/2024,11/10/2024,Adult,21,Pending,3,63,Credit Card,Rescheduled
T277,U844,106,3/3/2024,10/23/2024,Adult,30,Failed,1,30,Stripe,Rescheduled
T278,U850,2,10/4/2024,11/11/2024,Senior,38,Paid,4,152,PayPal,Rescheduled
T279,U900,144,7/6/2024,10/22/2024,Adult,49,Paid,2,98,PayPal,Cancelled
T280,U214,512,9/6/2024,10/23/2024,Child,25,Failed,3,75,Credit Card,Rescheduled
T281,U793,512,7/7/2024,10/31/2024,Adult,17,Pending,4,68,Credit Card,Cancelled
T282,U615,531,1/14/2024,10/20/2024,Child,34,Failed,2,68,PayPal,Rescheduled
T283,U496,81,5/10/2024,10/31/2024,Adult,37,Failed,1,37,Credit Card,Cancelled
T284,U934,327,6/18/2024,11/9/2024,Senior,36,Paid,2,72,Stripe,Cancelled
T285,U189,203,8/18/2024,11/1/2024,Senior,15,Paid,5,75,Credit Card,Confirmed
T286,U894,309,9/16/2024,10/28/2024,Senior,47,Pending,1,47,PayPal,Cancelled
T287,U256,492,1/30/2024,11/9/2024,Adult,36,Paid,5,180,PayPal,Cancelled
T288,U972,42,6/29/2024,10/23/2024,Adult,36,Failed,1,36,Credit Card,Pending
T289,U259,541,3/3/2024,10/21/2024,Child,26,Failed,2,52,Credit Card,Rescheduled
T290,U473,68,9/12/2024,10/16/2024,Senior,43,Pending,4,172,PayPal,Pending
T291,U877,489,2/12/2024,10/19/2024,Adult,38,Failed,5,190,Stripe,Rescheduled
T292,U285,133,2/1/2024,10/31/2024,Adult,14,Paid,1,14,PayPal,Pending
T293,U689,104,9/19/2024,11/2/2024,Adult,50,Paid,3,150,Credit Card,Cancelled
T294,U127,251,5/24/2024,10/22/2024,Senior,38,Paid,4,152,PayPal,Confirmed
T295,U415,228,5/29/2024,11/1/2024,Adult,38,Failed,2,76,Stripe,Confirmed
T296,U808,548,8/23/2024,10/19/2024,Child,34,Pending,1,34,Credit Card,Rescheduled
T297,U359,212,8/21/2024,10/28/2024,Adult,21,Failed,5,105,Credit Card,Confirmed
T298,U235,320,6/27/2024,10/22/2024,Senior,16,Failed,5,80,Stripe,Rescheduled
T299,U370,387,3/25/2024,10/27/2024,Senior,10,Paid,5,50,Credit Card,Cancelled
T300,U471,303,6/30/2024,10/24/2024,Child,34,Pending,1,34,Stripe,Rescheduled
T301,U991,7,10/11/2024,10/16/2024,Child,34,Paid,3,102,Stripe,Pending
T302,U596,225,9/27/2024,10/24/2024,Senior,49,Pending,4,196,PayPal,Pending
T303,U499,278,3/14/2024,11/10/2024,Senior,13,Failed,5,65,Credit Card,Confirmed
T304,U169,288,6/25/2024,10/23/2024,Senior,41,Pending,5,205,Credit Card,Confirmed
T305,U307,404,2/4/2024,10/20/2024,Adult,33,Paid,3,99,PayPal,Rescheduled
T306,U526,161,4/11/2024,10/29/2024,Child,13,Paid,2,26,Credit Card,Confirmed
T307,U254,31,10/7/2024,11/6/2024,Child,37,Paid,2,74,Stripe,Cancelled
T308,U561,58,5/3/2024,11/13/2024,Child,37,Failed,4,148,Credit Card,Rescheduled
T309,U921,280,4/25/2024,11/13/2024,Adult,42,Failed,4,168,PayPal,Rescheduled
T310,U283,402,7/6/2024,10/22/2024,Senior,25,Pending,5,125,PayPal,Rescheduled
T311,U237,278,2/1/2024,11/3/2024,Child,36,Failed,1,36,Credit Card,Cancelled
T312,U894,224,2/26/2024,10/26/2024,Adult,21,Paid,3,63,Stripe,Rescheduled
T313,U728,131,7/20/2024,11/2/2024,Senior,35,Paid,3,105,PayPal,Pending
T314,U763,342,4/5/2024,10/27/2024,Child,35,Paid,4,140,Stripe,Rescheduled
T315,U112,407,4/22/2024,11/2/2024,Child,40,Pending,1,40,PayPal,Confirmed
T316,U680,417,6/19/2024,10/21/2024,Adult,44,Failed,5,220,Stripe,Rescheduled
T317,U539,239,4/25/2024,11/4/2024,Adult,37,Paid,5,185,Stripe,Confirmed
T318,U642,510,10/12/2024,10/28/2024,Child,42,Paid,1,42,Credit Card,Rescheduled
T319,U730,436,2/14/2024,11/8/2024,Child,42,Failed,5,210,Stripe,Confirmed
T320,U381,9,5/13/2024,10/20/2024,Child,38,Paid,3,114,Stripe,Cancelled
T321,U455,10,1/20/2024,11/7/2024,Adult,11,Failed,2,22,PayPal,Confirmed
T322,U721,487,6/24/2024,10/24/2024,Child,21,Pending,5,105,Stripe,Pending
T323,U325,134,4/8/2024,10/17/2024,Adult,33,Failed,2,66,Stripe,Cancelled
T324,U412,415,8/11/2024,11/13/2024,Senior,32,Pending,1,32,PayPal,Cancelled
T325,U177,341,9/6/2024,11/1/2024,Child,50,Paid,1,50,Credit Card,Cancelled
T326,U239,544,5/20/2024,11/12/2024,Senior,29,Failed,2,58,PayPal,Confirmed
T327,U200,296,1/22/2024,11/9/2024,Child,39,Paid,5,195,PayPal,Cancelled
T328,U565,320,9/25/2024,10/29/2024,Child,47,Pending,3,141,Credit Card,Confirmed
T329,U545,287,7/19/2024,11/3/2024,Child,17,Pending,3,51,PayPal,Cancelled
T330,U736,29,5/6/2024,11/12/2024,Child,23,Pending,3,69,Stripe,Rescheduled
T331,U659,357,5/1/2024,10/15/2024,Adult,10,Paid,1,10,Stripe,Pending
T332,U708,269,10/10/2024,11/13/2024,Adult,44,Failed,4,176,PayPal,Cancelled
T333,U723,218,4/22/2024,11/7/2024,Adult,19,Paid,5,95,Stripe,Confirmed
T334,U316,111,2/13/2024,11/9/2024,Child,29,Pending,3,87,Credit Card,Cancelled
T335,U967,431,3/24/2024,10/28/2024,Senior,15,Paid,1,15,PayPal,Cancelled
T336,U151,217,5/30/2024,11/12/2024,Child,10,Failed,3,30,PayPal,Pending
T337,U793,102,8/29/2024,10/27/2024,Adult,15,Paid,5,75,PayPal,Rescheduled
T338,U195,235,7/12/2024,11/10/2024,Child,16,Failed,1,16,Credit Card,Rescheduled
T339,U419,487,8/19/2024,11/6/2024,Senior,22,Failed,2,44,Stripe,Pending
T340,U441,289,3/9/2024,11/1/2024,Child,30,Pending,5,150,Stripe,Pending
T341,U852,526,5/18/2024,10/21/2024,Adult,47,Paid,1,47,PayPal,Cancelled
T342,U220,289,8/30/2024,11/3/2024,Child,43,Paid,5,215,Stripe,Rescheduled
T343,U144,124,3/23/2024,10/22/2024,Senior,25,Failed,5,125,Stripe,Pending
T344,U877,389,10/1/2024,11/8/2024,Child,46,Paid,1,46,Credit Card,Pending
T345,U160,22,7/19/2024,11/12/2024,Adult,19,Paid,2,38,Credit Card,Cancelled
T346,U407,4,2/4/2024,10/16/2024,Senior,29,Pending,4,116,Credit Card,Rescheduled
T347,U657,170,1/14/2024,10/20/2024,Child,12,Failed,1,12,Stripe,Rescheduled
T348,U387,496,4/3/2024,10/24/2024,Senior,43,Paid,4,172,Stripe,Pending
T349,U682,49,10/9/2024,11/9/2024,Adult,21,Paid,3,63,Stripe,Pending
T350,U468,92,8/18/2024,10/18/2024,Senior,27,Pending,3,81,Credit Card,Rescheduled
T351,U534,146,3/15/2024,10/25/2024,Adult,47,Failed,4,188,Stripe,Pending
T352,U209,128,6/27/2024,11/11/2024,Adult,19,Paid,2,38,Stripe,Confirmed
T353,U235,287,3/24/2024,11/11/2024,Senior,44,Failed,4,176,Credit Card,Rescheduled
T354,U948,498,1/16/2024,10/22/2024,Child,50,Pending,4,200,Stripe,Confirmed
T355,U789,501,7/23/2024,11/1/2024,Child,48,Pending,3,144,Stripe,Cancelled
T356,U376,413,9/21/2024,10/30/2024,Child,43,Failed,2,86,PayPal,Confirmed
T357,U674,311,8/25/2024,11/10/2024,Senior,42,Failed,4,168,PayPal,Cancelled
T358,U555,254,2/28/2024,10/21/2024,Senior,20,Pending,5,100,Stripe,Confirmed
T359,U741,29,2/7/2024,10/15/2024,Adult,16,Failed,5,80,Credit Card,Cancelled
T360,U568,381,7/9/2024,10/20/2024,Senior,14,Pending,2,28,Stripe,Rescheduled
T361,U503,193,5/17/2024,11/2/2024,Senior,39,Pending,3,117,Credit Card,Rescheduled
T362,U647,402,2/1/2024,10/15/2024,Senior,41,Failed,2,82,PayPal,Confirmed
T363,U549,191,1/21/2024,11/3/2024,Child,46,Failed,1,46,PayPal,Confirmed
T364,U327,185,5/27/2024,11/5/2024,Adult,31,Failed,3,93,PayPal,Pending
T365,U162,71,2/20/2024,11/9/2024,Child,38,Paid,2,76,Stripe,Pending
T366,U682,544,10/6/2024,10/25/2024,Child,11,Pending,2,22,Stripe,Cancelled
T367,U999,188,8/25/2024,10/22/2024,Senior,36,Pending,1,36,Stripe,Cancelled
T368,U610,546,5/23/2024,11/8/2024,Senior,50,Pending,2,100,Credit Card,Rescheduled
T369,U136,343,1/25/2024,11/1/2024,Child,46,Failed,4,184,PayPal,Cancelled
T370,U228,533,4/25/2024,10/15/2024,Child,36,Failed,3,108,Stripe,Confirmed
T371,U953,502,9/29/2024,10/23/2024,Adult,26,Paid,2,52,Stripe,Confirmed
T372,U466,160,2/4/2024,10/24/2024,Child,40,Paid,3,120,PayPal,Cancelled
T373,U479,448,7/25/2024,10/25/2024,Adult,27,Paid,5,135,Stripe,Rescheduled
T374,U543,164,8/29/2024,11/4/2024,Adult,28,Failed,3,84,Stripe,Pending
T375,U693,430,3/11/2024,10/20/2024,Senior,43,Pending,4,172,Credit Card,Confirmed
T376,U569,69,1/6/2024,10/18/2024,Senior,32,Paid,4,128,PayPal,Confirmed
T377,U923,167,2/8/2024,10/30/2024,Senior,47,Pending,4,188,PayPal,Pending
T378,U970,57,9/25/2024,11/8/2024,Senior,36,Failed,4,144,Stripe,Cancelled
T379,U470,216,2/28/2024,10/27/2024,Adult,18,Paid,1,18,Credit Card,Confirmed
T380,U595,434,6/16/2024,10/23/2024,Adult,46,Pending,5,230,Credit Card,Pending
T381,U164,539,2/7/2024,10/31/2024,Adult,32,Paid,5,160,Credit Card,Pending
T382,U978,281,8/15/2024,11/12/2024,Adult,30,Pending,4,120,PayPal,Pending
T383,U961,366,6/27/2024,10/19/2024,Adult,17,Paid,2,34,PayPal,Rescheduled
T384,U596,358,2/14/2024,11/1/2024,Adult,20,Failed,5,100,Stripe,Rescheduled
T385,U579,87,8/27/2024,10/15/2024,Senior,16,Failed,2,32,Credit Card,Cancelled
T386,U512,505,8/19/2024,10/29/2024,Adult,40,Paid,4,160,PayPal,Rescheduled
T387,U677,260,3/16/2024,11/9/2024,Senior,10,Failed,4,40,Stripe,Cancelled
T388,U997,327,7/5/2024,10/31/2024,Child,16,Failed,1,16,PayPal,Rescheduled
T389,U571,545,8/29/2024,10/23/2024,Adult,14,Paid,3,42,Stripe,Confirmed
T390,U803,273,1/5/2024,11/13/2024,Senior,25,Pending,5,125,Credit Card,Pending
T391,U105,58,2/21/2024,11/10/2024,Adult,30,Failed,4,120,Credit Card,Pending
T392,U742,168,5/5/2024,10/25/2024,Child,18,Pending,1,18,PayPal,Rescheduled
T393,U439,241,2/22/2024,10/24/2024,Child,16,Pending,1,16,PayPal,Rescheduled
T394,U540,356,8/12/2024,11/4/2024,Senior,44,Paid,4,176,Stripe,Rescheduled
T395,U234,491,5/26/2024,10/26/2024,Senior,22,Paid,2,44,PayPal,Rescheduled
T396,U653,456,9/12/2024,10/16/2024,Senior,24,Pending,5,120,Stripe,Rescheduled
T397,U338,497,7/30/2024,11/4/2024,Child,29,Failed,5,145,Stripe,Pending
T398,U419,198,5/3/2024,10/29/2024,Adult,49,Paid,2,98,PayPal,Confirmed
T399,U377,126,7/19/2024,11/5/2024,Senior,26,Pending,5,130,Credit Card,Rescheduled
T400,U314,304,1/16/2024,11/2/2024,Senior,25,Pending,4,100,Stripe,Pending
T401,U913,23,4/20/2024,10/31/2024,Adult,42,Paid,5,210,Stripe,Pending
T402,U296,503,4/6/2024,10/15/2024,Senior,36,Failed,1,36,Credit Card,Cancelled
T403,U478,39,5/1/2024,10/18/2024,Adult,41,Pending,2,82,Stripe,Rescheduled
T404,U348,235,8/29/2024,11/13/2024,Child,36,Pending,3,108,PayPal,Confirmed
T405,U988,528,10/3/2024,10/25/2024,Child,19,Paid,1,19,Stripe,Rescheduled
T406,U809,177,2/20/2024,11/2/2024,Adult,30,Failed,5,150,PayPal,Pending
T407,U570,416,4/1/2024,11/3/2024,Adult,46,Paid,2,92,Credit Card,Confirmed
T408,U185,540,5/21/2024,11/11/2024,Senior,42,Paid,5,210,PayPal,Cancelled
T409,U853,218,10/2/2024,11/1/2024,Senior,21,Paid,4,84,Stripe,Rescheduled
T410,U611,109,5/1/2024,11/10/2024,Child,11,Failed,3,33,Credit Card,Rescheduled
T411,U756,166,1/11/2024,10/27/2024,Adult,38,Pending,3,114,Credit Card,Cancelled
T412,U950,157,4/17/2024,10/28/2024,Child,20,Failed,2,40,Stripe,Confirmed
T413,U644,108,7/9/2024,11/9/2024,Child,10,Pending,4,40,Stripe,Confirmed
T414,U449,90,10/14/2024,11/5/2024,Child,25,Failed,3,75,Stripe,Confirmed
T415,U613,21,5/21/2024,10/25/2024,Adult,25,Paid,1,25,Credit Card,Cancelled
T416,U634,268,5/28/2024,11/11/2024,Child,30,Paid,1,30,Credit Card,Cancelled
T417,U277,209,6/2/2024,11/11/2024,Senior,46,Pending,3,138,PayPal,Confirmed
T418,U795,411,4/19/2024,10/23/2024,Senior,45,Paid,4,180,PayPal,Cancelled
T419,U989,406,4/22/2024,11/10/2024,Adult,24,Failed,4,96,Credit Card,Rescheduled
T420,U615,488,10/13/2024,10/28/2024,Child,44,Failed,1,44,Credit Card,Rescheduled
T421,U962,6,8/17/2024,10/23/2024,Senior,20,Paid,2,40,Stripe,Pending
T422,U770,194,5/3/2024,10/16/2024,Child,20,Failed,5,100,Stripe,Rescheduled
T423,U775,535,2/14/2024,10/15/2024,Adult,36,Pending,2,72,Credit Card,Confirmed
T424,U699,359,5/27/2024,11/12/2024,Child,19,Pending,2,38,Credit Card,Rescheduled
T425,U883,191,7/11/2024,10/30/2024,Senior,44,Pending,2,88,Credit Card,Pending
T426,U315,406,2/26/2024,10/18/2024,Senior,50,Pending,2,100,Stripe,Rescheduled
T427,U923,468,9/16/2024,11/10/2024,Adult,23,Failed,1,23,Credit Card,Cancelled
T428,U633,491,5/19/2024,10/17/2024,Child,40,Failed,1,40,Credit Card,Pending
T429,U107,461,1/23/2024,10/26/2024,Senior,15,Paid,3,45,Stripe,Rescheduled
T430,U623,291,2/21/2024,10/15/2024,Senior,30,Failed,2,60,Credit Card,Confirmed
T431,U964,104,2/20/2024,10/18/2024,Child,44,Pending,4,176,PayPal,Pending
T432,U987,268,8/20/2024,10/29/2024,Senior,27,Failed,1,27,Stripe,Rescheduled
T433,U915,320,5/13/2024,10/20/2024,Adult,43,Failed,4,172,Stripe,Cancelled
T434,U988,471,4/18/2024,11/3/2024,Adult,49,Pending,3,147,Credit Card,Rescheduled
T435,U313,346,2/24/2024,10/16/2024,Child,25,Failed,1,25,Credit Card,Pending
T436,U371,73,8/13/2024,11/10/2024,Adult,21,Failed,1,21,Stripe,Pending
T437,U635,508,2/24/2024,10/27/2024,Child,34,Failed,4,136,PayPal,Pending
T438,U704,285,4/5/2024,11/4/2024,Senior,50,Pending,4,200,Credit Card,Pending
T439,U821,170,5/25/2024,10/29/2024,Senior,45,Paid,2,90,PayPal,Rescheduled
T440,U556,157,5/10/2024,10/26/2024,Senior,32,Failed,1,32,Credit Card,Rescheduled
T441,U290,179,4/23/2024,11/2/2024,Child,29,Failed,3,87,Stripe,Rescheduled
T442,U206,394,6/18/2024,10/15/2024,Adult,36,Paid,2,72,Credit Card,Cancelled
T443,U541,156,7/10/2024,11/12/2024,Adult,23,Paid,3,69,Credit Card,Confirmed
T444,U762,337,7/19/2024,10/22/2024,Adult,10,Paid,2,20,Stripe,Cancelled
T445,U331,242,6/6/2024,10/19/2024,Senior,13,Pending,2,26,Stripe,Cancelled
T446,U932,261,3/22/2024,11/10/2024,Child,40,Pending,1,40,PayPal,Cancelled
T447,U113,156,10/8/2024,10/30/2024,Child,50,Pending,4,200,PayPal,Rescheduled
T448,U902,190,4/21/2024,11/9/2024,Child,10,Pending,2,20,PayPal,Rescheduled
T449,U612,56,10/9/2024,11/12/2024,Adult,33,Paid,3,99,Credit Card,Cancelled
T450,U167,220,1/2/2024,10/29/2024,Adult,48,Pending,1,48,PayPal,Rescheduled
T451,U184,353,4/17/2024,10/23/2024,Child,20,Failed,3,60,Credit Card,Cancelled
T452,U749,136,9/20/2024,11/1/2024,Senior,39,Pending,5,195,PayPal,Confirmed
T453,U902,90,9/26/2024,11/2/2024,Adult,28,Failed,5,140,Stripe,Confirmed
T454,U438,111,10/13/2024,10/30/2024,Senior,30,Paid,5,150,Credit Card,Cancelled
T455,U768,49,10/11/2024,10/31/2024,Child,24,Failed,3,72,Credit Card,Rescheduled
T456,U774,61,9/2/2024,11/3/2024,Senior,21,Paid,1,21,PayPal,Cancelled
T457,U103,468,4/10/2024,10/20/2024,Senior,43,Pending,5,215,Stripe,Cancelled
T458,U134,218,3/2/2024,11/5/2024,Child,37,Paid,2,74,Credit Card,Pending
T459,U482,239,8/23/2024,11/2/2024,Child,13,Failed,1,13,PayPal,Rescheduled
T460,U544,120,8/21/2024,11/9/2024,Senior,44,Failed,1,44,Stripe,Pending
T461,U161,191,2/21/2024,11/1/2024,Child,30,Paid,1,30,Stripe,Rescheduled
T462,U403,320,7/6/2024,10/21/2024,Adult,39,Paid,2,78,Stripe,Confirmed
T463,U488,236,1/10/2024,11/2/2024,Adult,41,Failed,2,82,Credit Card,Confirmed
T464,U819,116,7/1/2024,11/6/2024,Senior,28,Pending,2,56,Stripe,Rescheduled
T465,U635,456,10/3/2024,10/26/2024,Adult,50,Paid,4,200,PayPal,Pending
T466,U711,548,6/10/2024,11/4/2024,Adult,33,Paid,1,33,Credit Card,Pending
T467,U258,467,2/26/2024,10/31/2024,Child,13,Pending,5,65,PayPal,Pending
T468,U131,8,4/10/2024,10/20/2024,Adult,37,Failed,5,185,Credit Card,Pending
T469,U488,389,10/9/2024,10/17/2024,Adult,24,Paid,5,120,Stripe,Pending
T470,U130,195,10/14/2024,11/12/2024,Adult,17,Paid,2,34,Stripe,Pending
T471,U983,8,7/18/2024,11/12/2024,Senior,29,Failed,1,29,Stripe,Confirmed
T472,U522,136,8/25/2024,10/31/2024,Adult,11,Failed,2,22,Credit Card,Pending
T473,U458,500,5/21/2024,11/10/2024,Child,50,Paid,2,100,PayPal,Cancelled
T474,U144,66,2/12/2024,11/7/2024,Child,47,Failed,4,188,Credit Card,Cancelled
T475,U530,267,7/13/2024,10/25/2024,Senior,34,Pending,5,170,Credit Card,Confirmed
T476,U513,111,6/15/2024,10/31/2024,Senior,32,Pending,4,128,PayPal,Cancelled
T477,U203,244,9/5/2024,10/17/2024,Adult,26,Failed,5,130,Credit Card,Rescheduled
T478,U589,523,8/21/2024,10/27/2024,Senior,42,Failed,2,84,Credit Card,Pending
T479,U456,443,4/3/2024,10/15/2024,Child,19,Pending,5,95,Stripe,Confirmed
T480,U541,377,8/18/2024,10/16/2024,Child,20,Pending,3,60,Credit Card,Cancelled
T481,U348,157,3/20/2024,10/21/2024,Child,23,Failed,1,23,Credit Card,Confirmed
T482,U705,349,4/21/2024,10/17/2024,Adult,43,Failed,2,86,Credit Card,Rescheduled
T483,U223,17,7/9/2024,10/16/2024,Senior,40,Paid,4,160,PayPal,Rescheduled
T484,U446,123,1/4/2024,10/29/2024,Senior,50,Pending,1,50,Stripe,Confirmed
T485,U133,545,5/16/2024,11/4/2024,Senior,45,Pending,3,135,PayPal,Confirmed
T486,U201,532,4/27/2024,10/17/2024,Senior,40,Pending,5,200,Stripe,Pending
T487,U375,426,2/22/2024,10/15/2024,Senior,29,Paid,5,145,Credit Card,Confirmed
T488,U119,254,6/2/2024,11/6/2024,Senior,31,Pending,3,93,Credit Card,Rescheduled
T489,U943,322,7/21/2024,11/2/2024,Senior,11,Pending,3,33,Stripe,Rescheduled
T490,U154,31,4/3/2024,10/24/2024,Senior,28,Failed,3,84,Stripe,Rescheduled
T491,U550,93,6/9/2024,11/5/2024,Senior,20,Paid,1,20,Stripe,Pending
T492,U831,534,6/28/2024,10/26/2024,Child,17,Paid,3,51,Stripe,Pending
T493,U624,287,2/5/2024,11/2/2024,Senior,28,Paid,2,56,PayPal,Rescheduled
T494,U908,268,3/11/2024,11/9/2024,Child,14,Pending,1,14,Credit Card,Rescheduled
T495,U940,421,10/9/2024,10/26/2024,Child,50,Paid,1,50,Stripe,Pending
T496,U485,349,1/16/2024,10/31/2024,Adult,48,Paid,4,192,Stripe,Cancelled
T497,U875,100,3/22/2024,11/5/2024,Adult,22,Pending,3,66,PayPal,Rescheduled
T498,U810,507,1/21/2024,11/12/2024,Senior,16,Pending,4,64,Credit Card,Confirmed
T499,U619,395,3/22/2024,11/13/2024,Child,19,Failed,4,76,Credit Card,Pending
T500,U733,2,1/12/2024,11/3/2024,Senior,27,Failed,5,135,PayPal,Cancelled
T501,U175,212,2/4/2024,10/28/2024,Child,39,Pending,5,195,PayPal,Pending
T502,U128,162,5/8/2024,11/1/2024,Senior,11,Pending,4,44,Stripe,Cancelled
T503,U346,473,5/10/2024,10/18/2024,Senior,12,Paid,5,60,PayPal,Confirmed
T504,U564,3,5/25/2024,10/22/2024,Child,28,Failed,1,28,Credit Card,Confirmed
T505,U296,261,10/13/2024,11/13/2024,Senior,22,Paid,2,44,Stripe,Cancelled
T506,U569,510,5/28/2024,10/30/2024,Senior,37,Failed,1,37,Stripe,Pending
T507,U245,63,6/23/2024,11/3/2024,Child,18,Paid,5,90,PayPal,Rescheduled
T508,U851,23,8/13/2024,11/11/2024,Child,10,Pending,3,30,Credit Card,Cancelled
T509,U152,340,7/6/2024,10/18/2024,Child,27,Pending,4,108,PayPal,Pending
T510,U524,468,8/6/2024,11/11/2024,Senior,19,Failed,3,57,Stripe,Cancelled
T511,U619,189,5/2/2024,10/23/2024,Senior,19,Pending,3,57,PayPal,Rescheduled
T512,U507,436,1/6/2024,10/17/2024,Child,50,Failed,3,150,Stripe,Pending
T513,U857,191,7/28/2024,10/23/2024,Adult,44,Pending,2,88,Credit Card,Pending
T514,U664,195,9/20/2024,11/11/2024,Senior,42,Pending,4,168,Credit Card,Confirmed
T515,U400,516,7/14/2024,10/27/2024,Adult,37,Pending,1,37,Credit Card,Pending
T516,U229,97,6/22/2024,10/22/2024,Adult,43,Failed,5,215,PayPal,Pending
T517,U768,256,2/18/2024,10/21/2024,Child,47,Failed,1,47,Credit Card,Cancelled
T518,U695,217,9/26/2024,10/18/2024,Senior,28,Failed,1,28,Credit Card,Confirmed
T519,U267,85,8/22/2024,11/7/2024,Child,38,Paid,5,190,Credit Card,Cancelled
T520,U707,513,10/8/2024,11/6/2024,Senior,42,Paid,5,210,Credit Card,Rescheduled
T521,U225,426,7/3/2024,10/16/2024,Child,10,Failed,3,30,Credit Card,Confirmed
T522,U246,92,9/10/2024,11/2/2024,Child,26,Failed,4,104,Credit Card,Rescheduled
T523,U668,181,8/25/2024,10/31/2024,Senior,37,Paid,4,148,Credit Card,Cancelled
T524,U246,154,1/1/2024,10/21/2024,Senior,34,Pending,1,34,Credit Card,Rescheduled
T525,U493,90,9/18/2024,11/5/2024,Adult,14,Paid,3,42,Credit Card,Confirmed
T526,U394,400,8/30/2024,11/9/2024,Adult,42,Paid,2,84,Stripe,Pending
T527,U850,301,1/19/2024,10/18/2024,Adult,26,Pending,3,78,Stripe,Cancelled
T528,U813,54,2/13/2024,11/7/2024,Child,47,Pending,3,141,PayPal,Pending
T529,U990,45,4/23/2024,10/19/2024,Child,43,Pending,3,129,Credit Card,Confirmed
T530,U103,451,1/26/2024,10/26/2024,Child,15,Failed,1,15,Credit Card,Cancelled
T531,U598,155,9/1/2024,10/26/2024,Senior,22,Paid,3,66,PayPal,Cancelled
T532,U492,541,5/23/2024,11/13/2024,Child,10,Paid,2,20,Credit Card,Rescheduled
T533,U527,297,6/11/2024,10/15/2024,Child,41,Pending,4,164,Stripe,Rescheduled
T534,U887,189,10/1/2024,10/29/2024,Child,13,Pending,4,52,Stripe,Cancelled
T535,U694,46,4/3/2024,10/28/2024,Senior,31,Failed,3,93,Stripe,Pending
T536,U224,73,7/22/2024,10/19/2024,Adult,44,Paid,2,88,PayPal,Pending
T537,U975,117,7/6/2024,11/11/2024,Child,10,Paid,2,20,PayPal,Rescheduled
T538,U769,418,1/7/2024,10/17/2024,Senior,31,Pending,4,124,Credit Card,Cancelled
T539,U889,138,2/18/2024,11/2/2024,Child,27,Paid,5,135,Stripe,Pending
T540,U121,19,1/1/2024,10/25/2024,Senior,42,Pending,5,210,PayPal,Confirmed
T541,U180,163,9/13/2024,10/29/2024,Adult,18,Paid,5,90,PayPal,Rescheduled
T542,U328,252,1/30/2024,11/8/2024,Child,18,Pending,5,90,Credit Card,Confirmed
T543,U198,5,10/9/2024,10/26/2024,Senior,29,Pending,5,145,Credit Card,Cancelled
T544,U262,455,1/12/2024,10/24/2024,Adult,35,Paid,3,105,Credit Card,Cancelled
T545,U437,157,4/30/2024,11/11/2024,Child,34,Pending,4,136,PayPal,Rescheduled
T546,U510,527,1/4/2024,11/5/2024,Senior,23,Paid,3,69,Credit Card,Pending
T547,U330,91,2/20/2024,11/9/2024,Child,26,Pending,2,52,Credit Card,Confirmed
T548,U262,334,2/3/2024,10/17/2024,Child,28,Pending,2,56,Stripe,Confirmed
T549,U958,191,9/8/2024,10/25/2024,Child,20,Paid,3,60,Credit Card,Pending
T550,U661,501,1/15/2024,10/27/2024,Child,30,Pending,1,30,PayPal,Rescheduled
